{
  "norm_stats": {
    "state": {
      "mean": [
        -0.0893833339214325,
        1.176439881324768,
        0.627242386341095,
        -0.14776206016540527,
        0.05163457617163658,
        -0.07242404669523239,
        0.7537485957145691,
        0.2370470017194748,
        1.3651087284088135,
        0.7648341655731201,
        -0.11241526156663895,
        0.06857849657535553,
        0.09029792249202728,
        0.4308261275291443
      ],
      "std": [
        0.11648682504892349,
        0.627830982208252,
        0.3494808077812195,
        0.2531437277793884,
        0.13055245578289032,
        0.11122860014438629,
        0.3954051434993744,
        0.23600563406944275,
        0.7512814998626709,
        0.4288491904735565,
        0.2698661684989929,
        0.14503195881843567,
        0.12996384501457214,
        0.4390585720539093
      ],
      "min": [
        -0.5586709380149841,
        -0.00019073777366429567,
        0.021171892061829567,
        -1.0809109210968018,
        -0.36488136649131775,
        -0.5064088106155396,
        0.004398615565150976,
        -0.7280460596084595,
        0.00019073777366429567,
        0.00858320016413927,
        -1.2331197261810303,
        -0.8276112079620361,
        -0.5651560425758362,
        0.014458351768553257
      ],
      "max": [
        0.5331120491027832,
        2.3886091709136963,
        1.7717632055282593,
        0.7455939650535583,
        0.812352180480957,
        0.2313649207353592,
        0.9980574250221252,
        0.9515907764434814,
        2.5862135887145996,
        2.3401618003845215,
        1.034752368927002,
        0.5327305793762207,
        0.647173285484314,
        0.9977651238441467
      ],
      "q01": [
        -0.41599908471107483,
        0.005531395319849253,
        0.024223696440458298,
        -0.9451056718826294,
        -0.19092851877212524,
        -0.3904402256011963,
        0.011104701086878777,
        -0.3725108802318573,
        0.005149920005351305,
        0.01506828423589468,
        -0.9714275002479553,
        -0.4728389382362366,
        -0.1962691694498062,
        0.016144143417477608
      ],
      "q99": [
        0.1962691694498062,
        2.1982529163360596,
        1.4868009090423584,
        0.3564889132976532,
        0.4682612419128418,
        0.14400701224803925,
        0.997985303401947,
        0.8146410584449768,
        2.2463724613189697,
        1.5676738023757935,
        0.5014495849609375,
        0.3389410376548767,
        0.45038554072380066,
        0.970954954624176
      ]
    },
    "action": {
      "mean": [
        -0.08798268437385559,
        1.1650798320770264,
        0.635072648525238,
        -0.14162811636924744,
        0.05380993336439133,
        -0.06941060721874237,
        0.7539531588554382,
        0.2354164719581604,
        1.3592954874038696,
        0.7735571265220642,
        -0.1104840636253357,
        0.07719973474740982,
        0.09202633053064346,
        0.4287996292114258
      ],
      "std": [
        0.1168946772813797,
        0.6267088651657104,
        0.35103321075439453,
        0.25468164682388306,
        0.13448429107666016,
        0.11206823587417603,
        0.39784660935401917,
        0.23714682459831238,
        0.7537732124328613,
        0.42802292108535767,
        0.27149221301078796,
        0.15085601806640625,
        0.1335631012916565,
        0.4425100088119507
      ],
      "min": [
        -0.5660389065742493,
        -0.015339807607233524,
        -0.007669903803616762,
        -1.0768544673919678,
        -0.40957286953926086,
        -0.5645049214363098,
        -0.027868852019309998,
        -0.7363107800483704,
        -0.0613592304289341,
        -0.004601942375302315,
        -1.24405837059021,
        -0.8544272780418396,
        -0.5798447132110596,
        0.006557377055287361
      ],
      "max": [
        0.5430291891098022,
        2.4359614849090576,
        1.7916895151138306,
        0.7593204975128174,
        0.826815664768219,
        0.24390295147895813,
        1.0377049446105957,
        0.9694758653640747,
        2.5878255367279053,
        2.3669323921203613,
        1.0461748838424683,
        0.5829126834869385,
        0.6565437912940979,
        0.9868852496147156
      ],
      "q01": [
        -0.40957286953926086,
        -0.003067961661145091,
        0.0,
        -0.9357282519340515,
        -0.200951486825943,
        -0.3880971372127533,
        0.008196720853447914,
        -0.37582528591156006,
        -0.006135923322290182,
        0.0,
        -0.9648739099502563,
        -0.47093209624290466,
        -0.2070874124765396,
        0.013114754110574722
      ],
      "q99": [
        0.1978835165500641,
        2.2104663848876953,
        1.492563247680664,
        0.3650874197483063,
        0.46654587984085083,
        0.14419420063495636,
        1.0098360776901245,
        0.8191457390785217,
        2.2718255519866943,
        1.5769321918487549,
        0.5108156204223633,
        0.34821364283561707,
        0.4555923044681549,
        0.9704918265342712
      ]
    }
  },
  "metadata": {
    "repo_id": "ETHRC/towel_base_with_rewards",
    "num_samples": 189587,
    "state_shape": [
      189587,
      14
    ],
    "action_shape": [
      189587,
      14
    ],
    "mode": "gaussian"
  },
  "sarm_rewards": {
    "0.0": 0.1850759809480608,
    "1.0": 0.2585198352207694,
    "2.0": 0.4776013123262671,
    "3.0": 0.5404853708323883,
    "4.0": 1.0
  }
}